song_urls,song_ids,song_streams,song_daily
https://open.spotify.com/track/1p80LdxRV74UKvL8gnD7ky,1p80LdxRV74UKvL8gnD7ky,1494526707,2154291
https://open.spotify.com/track/55n9yjI6qqXh5F2mYvUc2y,55n9yjI6qqXh5F2mYvUc2y,1464732412,523068
https://open.spotify.com/track/5xTtaWoae3wi06K5WfVUUH,5xTtaWoae3wi06K5WfVUUH,1189072036,1180253
https://open.spotify.com/track/0V3wPSX9ygBnCm8psDIegu,0V3wPSX9ygBnCm8psDIegu,1134722840,1947811
https://open.spotify.com/track/1BxfuPKGuaTgP7aM0Bbdwr,1BxfuPKGuaTgP7aM0Bbdwr,1110447596,4643754
https://open.spotify.com/track/1dGr1c8CrMLDpV6mPbImSI,1dGr1c8CrMLDpV6mPbImSI,977823305,1454067
https://open.spotify.com/track/1P17dC1amhFzptugyAO7Il,1P17dC1amhFzptugyAO7Il,948408082,679174
https://open.spotify.com/track/4lIxdJw6W3Fg4vUIYCB0S5,4lIxdJw6W3Fg4vUIYCB0S5,927112475,2111716
https://open.spotify.com/track/4R2kfaDFhslZEMJqAFNpdd,4R2kfaDFhslZEMJqAFNpdd,922192459,1505260
https://open.spotify.com/track/59HjlYCeBsxdI0fcm3zglw,59HjlYCeBsxdI0fcm3zglw,831679352,702084
https://open.spotify.com/track/6RRNNciQGZEXnqk8SQ9yv5,6RRNNciQGZEXnqk8SQ9yv5,792459764,423508
https://open.spotify.com/track/6NFyWDv5CjfwuzoCkw47Xf,6NFyWDv5CjfwuzoCkw47Xf,789640362,752246
https://open.spotify.com/track/1vrd6UOGamcKNGnSHJQlSt,1vrd6UOGamcKNGnSHJQlSt,777499491,568708
https://open.spotify.com/track/1R0a2iXumgCiFb7HEZ7gUE,1R0a2iXumgCiFb7HEZ7gUE,777261188,1334977
https://open.spotify.com/track/2Rk4JlNc2TPmZe2af99d45,2Rk4JlNc2TPmZe2af99d45,777079139,326833
https://open.spotify.com/track/3hUxzQpSfdDqwM3ZTFQY0K,3hUxzQpSfdDqwM3ZTFQY0K,748503724,1776058
https://open.spotify.com/track/6FB3v4YcR57y4tXFcdxI1E,6FB3v4YcR57y4tXFcdxI1E,722273110,467720
https://open.spotify.com/track/10eBRyImhfqVvkiVEGf0N0,10eBRyImhfqVvkiVEGf0N0,676345356,707828
https://open.spotify.com/track/0lx2cLdOt3piJbcaXIV74f,0lx2cLdOt3piJbcaXIV74f,661645048,586349
https://open.spotify.com/track/5enxwA8aAbwZbf5qCHORXi,5enxwA8aAbwZbf5qCHORXi,636646757,793722
https://open.spotify.com/track/4pvb0WLRcMtbPGmtejJJ6y,4pvb0WLRcMtbPGmtejJJ6y,606513103,605817
https://open.spotify.com/track/0VwNdo84DaVYLIkbVO86ND,0VwNdo84DaVYLIkbVO86ND,606006162,302323
https://open.spotify.com/track/3RauEVgRgj1IuWdJ9fDs70,3RauEVgRgj1IuWdJ9fDs70,573172470,643096
https://open.spotify.com/track/3GCL1PydwsLodcpv0Ll1ch,3GCL1PydwsLodcpv0Ll1ch,562677170,398073
https://open.spotify.com/track/2yLa0QULdQr0qAIvVwN6B5,2yLa0QULdQr0qAIvVwN6B5,552097292,508182
https://open.spotify.com/track/5jQI2r1RdgtuT8S3iG8zFC,5jQI2r1RdgtuT8S3iG8zFC,543966692,720760
https://open.spotify.com/track/273dCMFseLcVsoSWx59IoE,273dCMFseLcVsoSWx59IoE,507679655,633325
https://open.spotify.com/track/6YvqWjhGD8mB5QXcbcUKtx,6YvqWjhGD8mB5QXcbcUKtx,504905928,968670
https://open.spotify.com/track/7KokYm8cMIXCsGVmUvKtqf,7KokYm8cMIXCsGVmUvKtqf,501282885,1278715
https://open.spotify.com/track/4y5bvROuBDPr5fuwXbIBZR,4y5bvROuBDPr5fuwXbIBZR,496975338,717112
https://open.spotify.com/track/3rWDp9tBPQR9z6U5YyRSK4,3rWDp9tBPQR9z6U5YyRSK4,487507592,688103
https://open.spotify.com/track/1ZY1PqizIl78geGM4xWlEA,1ZY1PqizIl78geGM4xWlEA,483910228,522159
https://open.spotify.com/track/0VE4kBnHJUgtMf0dy6DRmW,0VE4kBnHJUgtMf0dy6DRmW,480916541,797878
https://open.spotify.com/track/1IxeJLsubGTboNN9K5XNfL,1IxeJLsubGTboNN9K5XNfL,479447139,730150
https://open.spotify.com/track/0sY6ZUTh4yoctD8VIXz339,0sY6ZUTh4yoctD8VIXz339,461973422,521607
https://open.spotify.com/track/0Jlcvv8IykzHaSmj49uNW8,0Jlcvv8IykzHaSmj49uNW8,444949733,453966
https://open.spotify.com/track/1qrpoAMXodY6895hGKoUpA,1qrpoAMXodY6895hGKoUpA,419011356,979328
https://open.spotify.com/track/2x0WlnmfG39ZuDmstl9xfX,2x0WlnmfG39ZuDmstl9xfX,406340518,305603
https://open.spotify.com/track/4D7BCuvgdJlYvlX5WlN54t,4D7BCuvgdJlYvlX5WlN54t,400083163,701912
https://open.spotify.com/track/3qoftcUZaUOncvIYjFSPdE,3qoftcUZaUOncvIYjFSPdE,376660329,631412
https://open.spotify.com/track/6ce41JVa6KFaryfmC2bu2W,6ce41JVa6KFaryfmC2bu2W,352099102,166548
https://open.spotify.com/track/3eX0NZfLtGzoLUxPNvRfqm,3eX0NZfLtGzoLUxPNvRfqm,351773268,456558
https://open.spotify.com/track/1wtOxkiel43cVs0Yux5Q4h,1wtOxkiel43cVs0Yux5Q4h,351108775,369898
https://open.spotify.com/track/3DrjZArsPsoqbLzUZZV1Id,3DrjZArsPsoqbLzUZZV1Id,348833225,226267
https://open.spotify.com/track/1MgV7FIyNxIG7WzMRJV5HC,1MgV7FIyNxIG7WzMRJV5HC,347848368,422133
https://open.spotify.com/track/4svZDCRz4cJoneBpjpx8DJ,4svZDCRz4cJoneBpjpx8DJ,343763344,383116
https://open.spotify.com/track/22bPsP2jCgbLUvh82U0Z3M,22bPsP2jCgbLUvh82U0Z3M,314790348,488441
https://open.spotify.com/track/1GwMQaZz6Au3QLDbjbMdme,1GwMQaZz6Au3QLDbjbMdme,313122556,356879
https://open.spotify.com/track/0ZNU020wNYvgW84iljPkPP,0ZNU020wNYvgW84iljPkPP,309901512,457086
https://open.spotify.com/track/1SymEzIT3H8UZfibCs3TYi,1SymEzIT3H8UZfibCs3TYi,291970888,390637
https://open.spotify.com/track/43rA71bccXFGD4C8GOpIlN,43rA71bccXFGD4C8GOpIlN,290843772,187954
https://open.spotify.com/track/5OndtwLGA9O6XHFcGm2H7r,5OndtwLGA9O6XHFcGm2H7r,290793023,352382
https://open.spotify.com/track/2CYVETnhM9aytqrazYYwrK,2CYVETnhM9aytqrazYYwrK,289849014,449723
https://open.spotify.com/track/7kt9e9LFSpN1zQtYEl19o1,7kt9e9LFSpN1zQtYEl19o1,289182954,373101
https://open.spotify.com/track/3pHkh7d0lzM2AldUtz2x37,3pHkh7d0lzM2AldUtz2x37,287313198,348343
https://open.spotify.com/track/1xwAWUI6Dj0WGC3KiUPN0O,1xwAWUI6Dj0WGC3KiUPN0O,286041703,429977
https://open.spotify.com/track/2Eeur20xVqfUoM3Q7EFPFt,2Eeur20xVqfUoM3Q7EFPFt,280163224,290794
https://open.spotify.com/track/2NmsngXHeC1GQ9wWrzhOMf,2NmsngXHeC1GQ9wWrzhOMf,277145433,375159
https://open.spotify.com/track/6VsvKPJ4xjVNKpI8VVZ3SV,6VsvKPJ4xjVNKpI8VVZ3SV,272131801,351293
https://open.spotify.com/track/5kI4eCXXzyuIUXjQra0Cxi,5kI4eCXXzyuIUXjQra0Cxi,270849119,281282
https://open.spotify.com/track/15DeqWWQB4dcEWzJg15VrN,15DeqWWQB4dcEWzJg15VrN,264756546,330763
https://open.spotify.com/track/3Z1kZKYfRC8iRXnYeC5sCJ,3Z1kZKYfRC8iRXnYeC5sCJ,258493233,67013
https://open.spotify.com/track/1LLXZFeAHK9R4xUramtUKw,1LLXZFeAHK9R4xUramtUKw,255337816,369616
https://open.spotify.com/track/214nt20w5wOxJnY462klLw,214nt20w5wOxJnY462klLw,254718027,402121
https://open.spotify.com/track/12M5uqx0ZuwkpLp5rJim1a,12M5uqx0ZuwkpLp5rJim1a,252546869,350984
https://open.spotify.com/track/7FmYn9e7KHMXcxqGSj9LjH,7FmYn9e7KHMXcxqGSj9LjH,246402818,361733
https://open.spotify.com/track/1fzAuUVbzlhZ1lJAx9PtY6,1fzAuUVbzlhZ1lJAx9PtY6,245524476,539346
https://open.spotify.com/track/0heeNYlwOGuUSe7TgUD27B,0heeNYlwOGuUSe7TgUD27B,241348677,238790
https://open.spotify.com/track/3i9UVldZOE0aD0JnyfAZZ0,3i9UVldZOE0aD0JnyfAZZ0,239656388,229119
https://open.spotify.com/track/17yraMKqmZIKAv3iaGcoLX,17yraMKqmZIKAv3iaGcoLX,238319327,700061
https://open.spotify.com/track/6rZVy6FIG7lSJQMFXHo12z,6rZVy6FIG7lSJQMFXHo12z,237675317,428605
https://open.spotify.com/track/4yBEU0askBZzE2XEVdEwmx,4yBEU0askBZzE2XEVdEwmx,236469120,79354
https://open.spotify.com/track/6KJqZcs9XDgVck7Lg9QOTC,6KJqZcs9XDgVck7Lg9QOTC,235998885,319682
https://open.spotify.com/track/7HH8rEmkK5JENnv869MDCz,7HH8rEmkK5JENnv869MDCz,232614989,61971
https://open.spotify.com/track/6AtZLIzUINvExIUy4QhdjP,6AtZLIzUINvExIUy4QhdjP,229899842,461966
https://open.spotify.com/track/6oVxXO5oQ4pTpO8RSnkzvv,6oVxXO5oQ4pTpO8RSnkzvv,229269412,413738
https://open.spotify.com/track/2dgFqt3w9xIQRjhPtwNk3D,2dgFqt3w9xIQRjhPtwNk3D,228257668,256070
https://open.spotify.com/track/5BK0uqwY9DNfZ630STAEaq,5BK0uqwY9DNfZ630STAEaq,227832848,238881
https://open.spotify.com/track/3zwMVvkBe2qIKDObWgXw4N,3zwMVvkBe2qIKDObWgXw4N,220678143,460114
https://open.spotify.com/track/0z9UVN8VBHJ9HdfYsOuuNf,0z9UVN8VBHJ9HdfYsOuuNf,219238055,44001
https://open.spotify.com/track/6qnM0XXPZOINWA778uNqQ9,6qnM0XXPZOINWA778uNqQ9,219104223,258829
https://open.spotify.com/track/2YWtcWi3a83pdEg3Gif4Pd,2YWtcWi3a83pdEg3Gif4Pd,218344529,231790
https://open.spotify.com/track/3RaT22zZsxVYxxKR7TAaYF,3RaT22zZsxVYxxKR7TAaYF,218179270,230613
https://open.spotify.com/track/5YqltLsjdqFtvqE7Nrysvs,5YqltLsjdqFtvqE7Nrysvs,215222465,445334
https://open.spotify.com/track/5yEPktRqvIhko5QFF3aBhQ,5yEPktRqvIhko5QFF3aBhQ,213507794,74226
https://open.spotify.com/track/4OAuvHryIVv4kMDNSLuPt6,4OAuvHryIVv4kMDNSLuPt6,211756849,328102
https://open.spotify.com/track/0dBW6ZsW8skfvoRfgeerBF,0dBW6ZsW8skfvoRfgeerBF,207697504,76313
https://open.spotify.com/track/0PurA4JVJ8YQgSVopY8fn6,0PurA4JVJ8YQgSVopY8fn6,207370124,282419
https://open.spotify.com/track/3UMrglJeju5yWyYIW6o99b,3UMrglJeju5yWyYIW6o99b,207094958,334995
https://open.spotify.com/track/0wavGRldH0AWyu2zvTz8zb,0wavGRldH0AWyu2zvTz8zb,207020990,283396
https://open.spotify.com/track/0A1JLUlkZkp2EFrosoNQi0,0A1JLUlkZkp2EFrosoNQi0,204887393,235286
https://open.spotify.com/track/4wFUdSCer8bdQsrp1M90sa,4wFUdSCer8bdQsrp1M90sa,203521601,104748
https://open.spotify.com/track/7HuBDWi18s4aJM8UFnNheH,7HuBDWi18s4aJM8UFnNheH,202936377,276090
https://open.spotify.com/track/7dW84mWkdWE5a6lFWxJCBG,7dW84mWkdWE5a6lFWxJCBG,200909517,241871
https://open.spotify.com/track/0dAb8TY433dl3ZfXYCLE19,0dAb8TY433dl3ZfXYCLE19,199773590,230027
https://open.spotify.com/track/0aV5uARAknQgYhBaK944FP,0aV5uARAknQgYhBaK944FP,198763995,286389
https://open.spotify.com/track/3nsfB1vus2qaloUdcBZvDu,3nsfB1vus2qaloUdcBZvDu,194485859,257898
https://open.spotify.com/track/7I7JbDv63ZJJsSi24DyJrz,7I7JbDv63ZJJsSi24DyJrz,193336018,218164
https://open.spotify.com/track/7zMcNqs55Mxer82bvZFkpg,7zMcNqs55Mxer82bvZFkpg,185425258,118740
https://open.spotify.com/track/3yII7UwgLF6K5zW3xad3MP,3yII7UwgLF6K5zW3xad3MP,181245761,382682
https://open.spotify.com/track/5hQSXkFgbxjZo9uCwd11so,5hQSXkFgbxjZo9uCwd11so,175753981,231060
https://open.spotify.com/track/06WgOCf0LV2h4keYXDRnuh,06WgOCf0LV2h4keYXDRnuh,174789980,237791
https://open.spotify.com/track/2ythurkTtSiyfK7GprJoFW,2ythurkTtSiyfK7GprJoFW,174199234,109397
https://open.spotify.com/track/77sMIMlNaSURUAXq5coCxE,77sMIMlNaSURUAXq5coCxE,173834003,562462
https://open.spotify.com/track/07NxDD1iKCHbAldceD7QLP,07NxDD1iKCHbAldceD7QLP,172342925,219519
https://open.spotify.com/track/2QDyYdZyhlP2fp79KZX8Bi,2QDyYdZyhlP2fp79KZX8Bi,170096482,165501
https://open.spotify.com/track/4CkgMiMqZ5JzW9iYXSTMTL,4CkgMiMqZ5JzW9iYXSTMTL,168986259,195686
https://open.spotify.com/track/6d9IiDcFxtFVIvt9pCqyGH,6d9IiDcFxtFVIvt9pCqyGH,168468454,71009
https://open.spotify.com/track/19CSr8rwW05VJL2F91KFNK,19CSr8rwW05VJL2F91KFNK,167082586,201349
https://open.spotify.com/track/7MbT4I8qGntX4fMdqMQgke,7MbT4I8qGntX4fMdqMQgke,165439578,162256
https://open.spotify.com/track/01K4zKU104LyJ8gMb7227B,01K4zKU104LyJ8gMb7227B,165085249,199153
https://open.spotify.com/track/3O5osWf1rSoKMwe6E9ZaXP,3O5osWf1rSoKMwe6E9ZaXP,162879185,192223
https://open.spotify.com/track/3z6XUommYDWPHeFhmhhT6j,3z6XUommYDWPHeFhmhhT6j,157504039,136543
https://open.spotify.com/track/6xsEAm6w9oMQYYg3jkEkMT,6xsEAm6w9oMQYYg3jkEkMT,157414656,150615
https://open.spotify.com/track/32mVHdy0bi1XKgr0ajsBlG,32mVHdy0bi1XKgr0ajsBlG,155340244,182777
https://open.spotify.com/track/6N1K5OVVCopBjGViHs2IvP,6N1K5OVVCopBjGViHs2IvP,154485416,107820
https://open.spotify.com/track/2o2sgVJIgFXk8GQjWTgI6U,2o2sgVJIgFXk8GQjWTgI6U,154036105,160528
https://open.spotify.com/track/4dYUOfmWna6DFccnz732n8,4dYUOfmWna6DFccnz732n8,150422951,204217
https://open.spotify.com/track/08fa9LFcFBTcilB3iq2e2A,08fa9LFcFBTcilB3iq2e2A,148996982,132420
https://open.spotify.com/track/4d1CG5ei1E2vGbvmgf5KKv,4d1CG5ei1E2vGbvmgf5KKv,148627654,205210
https://open.spotify.com/track/6MWoRt97mnSTXZhu3ggi9C,6MWoRt97mnSTXZhu3ggi9C,147697985,141991
https://open.spotify.com/track/7F5oktn5YOsR9eR5YsFtqb,7F5oktn5YOsR9eR5YsFtqb,147326581,163489
https://open.spotify.com/track/73YUReisjb3A9ActdLLjJQ,73YUReisjb3A9ActdLLjJQ,146642323,146635
https://open.spotify.com/track/12ntTeqEeTg7GAVpe8Mhpl,12ntTeqEeTg7GAVpe8Mhpl,145553384,207059
https://open.spotify.com/track/3RBluWmSoG2pGA1OePzGJI,3RBluWmSoG2pGA1OePzGJI,144328533,44383
https://open.spotify.com/track/3k7ne7VmH43ZPWxPdvPUgR,3k7ne7VmH43ZPWxPdvPUgR,141614988,153095
https://open.spotify.com/track/1XjHRolIXL2M1EEOUsGGR4,1XjHRolIXL2M1EEOUsGGR4,140600092,178015
https://open.spotify.com/track/7712gjoih4QoDbXpljEk21,7712gjoih4QoDbXpljEk21,139890616,179812
https://open.spotify.com/track/5PxFv9yJEg9dxvbZggykro,5PxFv9yJEg9dxvbZggykro,137369750,165017
https://open.spotify.com/track/3wmN11qXGL0HyPojvEE1D9,3wmN11qXGL0HyPojvEE1D9,135760751,219624
https://open.spotify.com/track/0BiqmkasE5FdrChwKfVp8X,0BiqmkasE5FdrChwKfVp8X,135286861,173341
https://open.spotify.com/track/5kHMfzgLZP95O9NBy0ku4v,5kHMfzgLZP95O9NBy0ku4v,134452246,885289
https://open.spotify.com/track/7hZuICN5eaCuQyp443RCt6,7hZuICN5eaCuQyp443RCt6,134256112,38892
https://open.spotify.com/track/24DefNCFiWTP8OjYWiXuYe,24DefNCFiWTP8OjYWiXuYe,133704194,64907
https://open.spotify.com/track/670fUmXf4KQekzbEgaXyPA,670fUmXf4KQekzbEgaXyPA,132816670,171119
https://open.spotify.com/track/6pYNq0ZwpPVazKzsqpf0G8,6pYNq0ZwpPVazKzsqpf0G8,130759466,172299
https://open.spotify.com/track/6iWMI5oOhWrDbLbjmwTWFq,6iWMI5oOhWrDbLbjmwTWFq,130648791,238866
https://open.spotify.com/track/4A2LfnduSTsE8u0ecYROxE,4A2LfnduSTsE8u0ecYROxE,125768978,195693
https://open.spotify.com/track/3jBMHD19RZdAqG9iFQh7xc,3jBMHD19RZdAqG9iFQh7xc,121051249,164844
https://open.spotify.com/track/1MaqkdFNIKPdpQGDzme5ss,1MaqkdFNIKPdpQGDzme5ss,120962293,60291
https://open.spotify.com/track/2mvabkN1i2gLnGAPUVdwek,2mvabkN1i2gLnGAPUVdwek,120397419,32839
https://open.spotify.com/track/4AYtqFyFbX0Xkc2wtcygTr,4AYtqFyFbX0Xkc2wtcygTr,119807697,98800
https://open.spotify.com/track/4uoyvFGK43Of4v9tj0moxC,4uoyvFGK43Of4v9tj0moxC,118756916,36215
https://open.spotify.com/track/4IQkfUsrwXol38VV3U7t7T,4IQkfUsrwXol38VV3U7t7T,117426239,85074
https://open.spotify.com/track/5kiZGSxgqPdv6rbqL9THdd,5kiZGSxgqPdv6rbqL9THdd,117304644,143542
https://open.spotify.com/track/4h0EXpatqJImv4VRgvX6po,4h0EXpatqJImv4VRgvX6po,115346730,38988
https://open.spotify.com/track/0eFQWVz0qIxDOvhLpZ40P7,0eFQWVz0qIxDOvhLpZ40P7,113360677,160438
https://open.spotify.com/track/4OmFmE0fzcMG6g0Y8p4eSD,4OmFmE0fzcMG6g0Y8p4eSD,109095825,138274
https://open.spotify.com/track/7qEUFOVcxRI19tbT68JcYK,7qEUFOVcxRI19tbT68JcYK,108506734,169364
https://open.spotify.com/track/0Om9WAB5RS09L80DyOfTNa,0Om9WAB5RS09L80DyOfTNa,108469048,86580
https://open.spotify.com/track/1SmiQ65iSAbPto6gPFlBYm,1SmiQ65iSAbPto6gPFlBYm,107921405,93971
https://open.spotify.com/track/4t0OI7XrODjSkAu3bTPmWj,4t0OI7XrODjSkAu3bTPmWj,107245620,38071
https://open.spotify.com/track/2slqvGLwzZZYsT4K4Y1GBC,2slqvGLwzZZYsT4K4Y1GBC,106888159,54115
https://open.spotify.com/track/6Eu31gddWw0gOGO506pJYA,6Eu31gddWw0gOGO506pJYA,106701822,58209
https://open.spotify.com/track/40PXEOFLJc7UIpLMrhSfW1,40PXEOFLJc7UIpLMrhSfW1,106603206,30793
https://open.spotify.com/track/3sW3oSbzsfecv9XoUdGs7h,3sW3oSbzsfecv9XoUdGs7h,106288384,814062
https://open.spotify.com/track/6wn61Fzx9XMxQmieLpoIhW,6wn61Fzx9XMxQmieLpoIhW,104770540,22410
https://open.spotify.com/track/3xYJScVfxByb61dYHTwiby,3xYJScVfxByb61dYHTwiby,103514260,416696
https://open.spotify.com/track/16MVSD0mGI4RMQT83Qzm69,16MVSD0mGI4RMQT83Qzm69,99340082,96467
https://open.spotify.com/track/3oKMl2tJv4fdidkXUYMI5x,3oKMl2tJv4fdidkXUYMI5x,99139473,84019
https://open.spotify.com/track/5vyxXfD5gLlyPxGZMEjtmd,5vyxXfD5gLlyPxGZMEjtmd,98222473,51701
https://open.spotify.com/track/6lzc0Al0zfZOIFsFvBS1ki,6lzc0Al0zfZOIFsFvBS1ki,97693710,110979
https://open.spotify.com/track/35rdVq36LMHQX0Suw9a6tK,35rdVq36LMHQX0Suw9a6tK,96310163,102157
https://open.spotify.com/track/28M2gifMU282QBM3fKajIS,28M2gifMU282QBM3fKajIS,95741474,39390
https://open.spotify.com/track/4zmKGsrXjLmljb5fTaBTot,4zmKGsrXjLmljb5fTaBTot,94786188,448409
https://open.spotify.com/track/4CHpVfAhuxNJ3ibExe6kxO,4CHpVfAhuxNJ3ibExe6kxO,94376667,63954
https://open.spotify.com/track/3QF5RsWzK1lCvf2o2cY65P,3QF5RsWzK1lCvf2o2cY65P,93774113,126726
https://open.spotify.com/track/6wAFvJPpTZVirBKGZ4EnMW,6wAFvJPpTZVirBKGZ4EnMW,93266093,113731
https://open.spotify.com/track/6XDBA3QWX51lDJ0oZbaJJN,6XDBA3QWX51lDJ0oZbaJJN,93206662,34332
https://open.spotify.com/track/0v4z1tuZvn6LGknom9Qx7d,0v4z1tuZvn6LGknom9Qx7d,91897052,128281
https://open.spotify.com/track/79uDOz0zuuWS7HWxzMmTa2,79uDOz0zuuWS7HWxzMmTa2,90263606,539219
https://open.spotify.com/track/73W5aXorr5vxrySFcoZqIN,73W5aXorr5vxrySFcoZqIN,89792500,107921
https://open.spotify.com/track/3S7HNKPakdwNEBFIVTL6dZ,3S7HNKPakdwNEBFIVTL6dZ,85975454,102213
https://open.spotify.com/track/4pNApnaUWAL2J4KO2eqokq,4pNApnaUWAL2J4KO2eqokq,84141906,117340
https://open.spotify.com/track/1msEuwSBneBKpVCZQcFTsU,1msEuwSBneBKpVCZQcFTsU,84077314,116340
https://open.spotify.com/track/0y6kdSRCVQhSsHSpWvTUm7,0y6kdSRCVQhSsHSpWvTUm7,82955222,117749
https://open.spotify.com/track/7G0gBu6nLdhFDPRLc0HdDG,7G0gBu6nLdhFDPRLc0HdDG,81775355,488101
https://open.spotify.com/track/1kdWw77ZpYOkhxeuhzU1j6,1kdWw77ZpYOkhxeuhzU1j6,80337823,108808
https://open.spotify.com/track/1wJL1A0QUHJPf2cm7tsrdw,1wJL1A0QUHJPf2cm7tsrdw,79658450,28490
https://open.spotify.com/track/2nqio0SfWg6gh2eCtfuMa5,2nqio0SfWg6gh2eCtfuMa5,76632869,102167
https://open.spotify.com/track/05GsNucq8Bngd9fnd4fRa0,05GsNucq8Bngd9fnd4fRa0,75804561,103302
https://open.spotify.com/track/6IH2Z54gYPLqgJtxZjX80i,6IH2Z54gYPLqgJtxZjX80i,72612235,16313
https://open.spotify.com/track/73qMN9bXy7MSPwwGfH3wQr,73qMN9bXy7MSPwwGfH3wQr,72451781,102309
https://open.spotify.com/track/2r9CbjYgFhtAmcFv1cSquB,2r9CbjYgFhtAmcFv1cSquB,71940214,86264
https://open.spotify.com/track/3oGVx9RBmiYGv5ZCecWLkx,3oGVx9RBmiYGv5ZCecWLkx,71895653,83297
https://open.spotify.com/track/5YL553x8sHderRBDlm3NM3,5YL553x8sHderRBDlm3NM3,71772643,94589
https://open.spotify.com/track/7eQj6r5PIdYKEIZjucBMcq,7eQj6r5PIdYKEIZjucBMcq,70047108,82095
https://open.spotify.com/track/3r9bgSJlJz2zlevcBRYXko,3r9bgSJlJz2zlevcBRYXko,69185965,29510
https://open.spotify.com/track/550erGcdD9n6PnwxrvYqZT,550erGcdD9n6PnwxrvYqZT,69033669,84557
https://open.spotify.com/track/1EQn3Uc5AyUXoiPLeyCrrg,1EQn3Uc5AyUXoiPLeyCrrg,68190312,17861
https://open.spotify.com/track/7J4b3LVCIGO4CMBDFLPoP6,7J4b3LVCIGO4CMBDFLPoP6,65963092,85112
https://open.spotify.com/track/49mWEy5MgtNujgT7xU3emT,49mWEy5MgtNujgT7xU3emT,65272395,13544
https://open.spotify.com/track/5P4wWhUYWM0IaVYLuZxdar,5P4wWhUYWM0IaVYLuZxdar,65181409,27927
https://open.spotify.com/track/0NwGC0v03ysCYINtg6ns58,0NwGC0v03ysCYINtg6ns58,64370787,369811
https://open.spotify.com/track/4L9QDCVNWIFhf2yr8iMvzA,4L9QDCVNWIFhf2yr8iMvzA,64154241,10802
https://open.spotify.com/track/7eResoqEJJAVTkQYSqvO3P,7eResoqEJJAVTkQYSqvO3P,62484501,60871
https://open.spotify.com/track/3MytWN8L7shNYzGl4tAKRp,3MytWN8L7shNYzGl4tAKRp,60730155,312028
https://open.spotify.com/track/4i6cwNY6oIUU2XZxPIw82Y,4i6cwNY6oIUU2XZxPIw82Y,60707619,173934
https://open.spotify.com/track/4e5ayHsOLJNLTGfjau2mEw,4e5ayHsOLJNLTGfjau2mEw,60425682,72649
https://open.spotify.com/track/4Ar3jciiuPXAMGjQpMWo34,4Ar3jciiuPXAMGjQpMWo34,60075793,9306
https://open.spotify.com/track/5gl2F1AWDQlUFzXwA4uY72,5gl2F1AWDQlUFzXwA4uY72,58831031,10138
https://open.spotify.com/track/5eGX87IiKsGuzS3iw4CfCX,5eGX87IiKsGuzS3iw4CfCX,56358895,50918
https://open.spotify.com/track/5xXqyjLicvEpch72qEryFT,5xXqyjLicvEpch72qEryFT,55935849,269564
https://open.spotify.com/track/3fGnrtrtL1IHSX9t4DKOYf,3fGnrtrtL1IHSX9t4DKOYf,55684722,65121
https://open.spotify.com/track/5A4PQqcpYb0vD1zx5DlObS,5A4PQqcpYb0vD1zx5DlObS,55243815,9258
https://open.spotify.com/track/1cSFlSBdpT4F5vb1frQ231,1cSFlSBdpT4F5vb1frQ231,55130810,66306
https://open.spotify.com/track/6iiAfo4wTA2CVC3Uwx9uh8,6iiAfo4wTA2CVC3Uwx9uh8,54978560,66352
https://open.spotify.com/track/1zU8j1x3yi9xalMF96pzKp,1zU8j1x3yi9xalMF96pzKp,54955768,275236
https://open.spotify.com/track/0NRHj8hDwwmSPaA41o379r,0NRHj8hDwwmSPaA41o379r,54757917,67774
https://open.spotify.com/track/4uuEGH5SVuzkkSFjo2DEiY,4uuEGH5SVuzkkSFjo2DEiY,54680965,58412
https://open.spotify.com/track/7A2cNLRT0YJc1yjxHlKihs,7A2cNLRT0YJc1yjxHlKihs,54204178,69027
https://open.spotify.com/track/4axSuOg3BqsowKjRpj59RU,4axSuOg3BqsowKjRpj59RU,53925326,61660
https://open.spotify.com/track/6xlCHgsZanRIBaS3yokshA,6xlCHgsZanRIBaS3yokshA,53419734,7763
https://open.spotify.com/track/4hqJ4bSlYJOXb6Z4SRmzxs,4hqJ4bSlYJOXb6Z4SRmzxs,52846590,330610
https://open.spotify.com/track/5iZzl5YlcJaEZjFCcv9j2h,5iZzl5YlcJaEZjFCcv9j2h,52530671,8010
https://open.spotify.com/track/7HC7R2D8WjXVcUHJyEGjRs,7HC7R2D8WjXVcUHJyEGjRs,51894912,56857
https://open.spotify.com/track/47HtKpfzpAt8rQjjXWotFj,47HtKpfzpAt8rQjjXWotFj,50875052,12407
https://open.spotify.com/track/0fAbfDiuQiUwV7FUcFfRGY,0fAbfDiuQiUwV7FUcFfRGY,49749352,11164
https://open.spotify.com/track/5GPwN5iZ9ZMSXAkppj4Uvv,5GPwN5iZ9ZMSXAkppj4Uvv,49549728,12167
https://open.spotify.com/track/30Y4CV7A6YqtQtTTo7Ue4j,30Y4CV7A6YqtQtTTo7Ue4j,49236690,258502
https://open.spotify.com/track/6dTA6y0C2ReQklntzZl8l3,6dTA6y0C2ReQklntzZl8l3,49126743,254758
https://open.spotify.com/track/7wjbSn8QHsxqKXU5M0jXGM,7wjbSn8QHsxqKXU5M0jXGM,48036154,5940
https://open.spotify.com/track/4s8BIKx4Zh6ryAEz8RTlaU,4s8BIKx4Zh6ryAEz8RTlaU,47574369,248060
https://open.spotify.com/track/4e3ZNTAV6PCrdYMUrUlMpQ,4e3ZNTAV6PCrdYMUrUlMpQ,47158568,232843
https://open.spotify.com/track/4ABYxlb92WBIjHu7TIKmml,4ABYxlb92WBIjHu7TIKmml,46805873,219974
https://open.spotify.com/track/34V9RiEPe8MNdU32qJsJa1,34V9RiEPe8MNdU32qJsJa1,46661722,49012
https://open.spotify.com/track/4WXzzCof26KJLTK5kK53dS,4WXzzCof26KJLTK5kK53dS,46517712,11844
https://open.spotify.com/track/0zo975x58DlXbZllWvfYhg,0zo975x58DlXbZllWvfYhg,46280474,224442
https://open.spotify.com/track/0DMVrlMUn01M0IcpDbwgu7,0DMVrlMUn01M0IcpDbwgu7,45827950,53170
https://open.spotify.com/track/0k0vFacOHNuArLWMiH60p7,0k0vFacOHNuArLWMiH60p7,44568052,49983
https://open.spotify.com/track/0HmCuN0Z3OX1Qrz43FLOPL,0HmCuN0Z3OX1Qrz43FLOPL,43949507,9700
https://open.spotify.com/track/1HCdems7PQZRj42QDWLA0A,1HCdems7PQZRj42QDWLA0A,43821573,215619
https://open.spotify.com/track/4qUijfYU8EoIWiY6oSyrgT,4qUijfYU8EoIWiY6oSyrgT,43214078,46439
https://open.spotify.com/track/7vBlnGdfOLzVEqiOQQxeU8,7vBlnGdfOLzVEqiOQQxeU8,42933764,18425
https://open.spotify.com/track/0tQ9vBYpldCuikPsbgOVKA,0tQ9vBYpldCuikPsbgOVKA,42593512,51532
https://open.spotify.com/track/3m4mW6nG5V94FkGBE1YvRG,3m4mW6nG5V94FkGBE1YvRG,42395856,6356
https://open.spotify.com/track/2m3ObD945KvpE5y9A1eUWm,2m3ObD945KvpE5y9A1eUWm,42158120,53948
https://open.spotify.com/track/0q6vsjvnCIWrtwRckCV7y0,0q6vsjvnCIWrtwRckCV7y0,41985323,142843
https://open.spotify.com/track/2D1BGzlocoxwNBBf2nMwMk,2D1BGzlocoxwNBBf2nMwMk,41981962,6892
https://open.spotify.com/track/0vvt4IZOMkRug195S4MUq0,0vvt4IZOMkRug195S4MUq0,41255553,12826
https://open.spotify.com/track/0JIdBrXGSJXS72zjF9ss9u,0JIdBrXGSJXS72zjF9ss9u,41095436,40902
https://open.spotify.com/track/2JoJrsEV15OzbijS47lids,2JoJrsEV15OzbijS47lids,41049986,47462
https://open.spotify.com/track/5jAIouBES8LWMiriuNq170,5jAIouBES8LWMiriuNq170,41047685,47005
https://open.spotify.com/track/5hiqtrACtMJkNpaNHj0n9Z,5hiqtrACtMJkNpaNHj0n9Z,40789973,7507
https://open.spotify.com/track/01QdEx6kFr78ZejhQtWR5m,01QdEx6kFr78ZejhQtWR5m,40251471,43005
https://open.spotify.com/track/6ON9UuIq49xXY9GPmHIYRp,6ON9UuIq49xXY9GPmHIYRp,40141367,46729
https://open.spotify.com/track/4tMzIAFTFdqGBQLdfbPces,4tMzIAFTFdqGBQLdfbPces,39673468,196056
https://open.spotify.com/track/59KOoHFcw5XfICnO57holu,59KOoHFcw5XfICnO57holu,38794988,192353
https://open.spotify.com/track/5qD1xj5lXOaX1ZDpVKZeF3,5qD1xj5lXOaX1ZDpVKZeF3,38443155,5963
https://open.spotify.com/track/645Exr2lJIO45Guht3qyIa,645Exr2lJIO45Guht3qyIa,38064319,61056
https://open.spotify.com/track/2Sy2oGjP5RYB4cLVoDU0Gz,2Sy2oGjP5RYB4cLVoDU0Gz,37759250,24010
https://open.spotify.com/track/3esA216TyLHEkNiBCeCmcg,3esA216TyLHEkNiBCeCmcg,37248327,11088
https://open.spotify.com/track/1n3b9Eekoy3S9ZSZ5DmTW1,1n3b9Eekoy3S9ZSZ5DmTW1,36876539,52678
https://open.spotify.com/track/2QrQCMel6v2JiLxqrg4p2O,2QrQCMel6v2JiLxqrg4p2O,35860481,35450
https://open.spotify.com/track/7N015NTIWGjQDddHUdHPoO,7N015NTIWGjQDddHUdHPoO,35367859,43791
https://open.spotify.com/track/3ExweHKZF9B752DPQByRVT,3ExweHKZF9B752DPQByRVT,34823283,37421
https://open.spotify.com/track/7an1exwMnfYRcdVQm0yDev,7an1exwMnfYRcdVQm0yDev,34201667,34019
https://open.spotify.com/track/7nWui6jiMM2m9qFmET1Mtj,7nWui6jiMM2m9qFmET1Mtj,34018483,39519
https://open.spotify.com/track/2hmafYGj1CXYKIYcMnX4lj,2hmafYGj1CXYKIYcMnX4lj,33491482,33365
https://open.spotify.com/track/73OX8GdpOeGzKC6OvGSbsv,73OX8GdpOeGzKC6OvGSbsv,33038424,32758
https://open.spotify.com/track/0UAdDYrkCvVQftaKpL6q5f,0UAdDYrkCvVQftaKpL6q5f,31923846,42921
https://open.spotify.com/track/3oF7Or7T35yhQbGxbCGvRX,3oF7Or7T35yhQbGxbCGvRX,31817103,33037
https://open.spotify.com/track/1n2wszmJyVkw6FHqyLnQsY,1n2wszmJyVkw6FHqyLnQsY,31576815,34571
https://open.spotify.com/track/2EFZ9emtKWEglWUQGEQ3P9,2EFZ9emtKWEglWUQGEQ3P9,31536448,141036
https://open.spotify.com/track/1Fj0T1XKuhRu7EZzJ7NJIK,1Fj0T1XKuhRu7EZzJ7NJIK,31516792,33886
https://open.spotify.com/track/5AsmAjBSSQjRPWgAYIp8tm,5AsmAjBSSQjRPWgAYIp8tm,31138252,3733
https://open.spotify.com/track/6Q237Ts37YGYRIi5Vy5lVX,6Q237Ts37YGYRIi5Vy5lVX,31001672,108006
https://open.spotify.com/track/5RaBeejGtdPEszYEKYECs2,5RaBeejGtdPEszYEKYECs2,30117659,28799
https://open.spotify.com/track/3rnI1UCyGJvUTVvT97VQr5,3rnI1UCyGJvUTVvT97VQr5,29647124,7353
https://open.spotify.com/track/1P5QpwOgXJuoVTm3CWbnLY,1P5QpwOgXJuoVTm3CWbnLY,29556927,8207
https://open.spotify.com/track/2Ta5c5Z6DvM8GX0U1polSo,2Ta5c5Z6DvM8GX0U1polSo,29329848,25680
https://open.spotify.com/track/3yNJkriPzWjkkDAWHIAVUq,3yNJkriPzWjkkDAWHIAVUq,28890929,127608
https://open.spotify.com/track/51A8eKvvZz9uydvIZ7xRSV,51A8eKvvZz9uydvIZ7xRSV,28433781,30496
https://open.spotify.com/track/5OOd01o2YS1QFwdpVLds3r,5OOd01o2YS1QFwdpVLds3r,28317909,25501
https://open.spotify.com/track/2ZoOmCSgj0ypVAmGd1ve4y,2ZoOmCSgj0ypVAmGd1ve4y,28213316,24519
https://open.spotify.com/track/12nBPF4Rh4XLFJV0YLN7uj,12nBPF4Rh4XLFJV0YLN7uj,27392823,107800
https://open.spotify.com/track/4pJi1rVt9GNegU9kywjg4z,4pJi1rVt9GNegU9kywjg4z,27032535,23748
https://open.spotify.com/track/6INztpNwOTlfSKTuPo0HOP,6INztpNwOTlfSKTuPo0HOP,26479628,109201
https://open.spotify.com/track/6K0CJLVXqbGMeJSmJ4ENKK,6K0CJLVXqbGMeJSmJ4ENKK,26349937,27808
https://open.spotify.com/track/46HGgtwmmuEB8mvDCyjyAc,46HGgtwmmuEB8mvDCyjyAc,26024298,4703
https://open.spotify.com/track/1yACRKAwlXWhXXFUSkvzhD,1yACRKAwlXWhXXFUSkvzhD,25427048,7088
https://open.spotify.com/track/2R7C9dDqv1UPycvepBFziA,2R7C9dDqv1UPycvepBFziA,24424417,5569
https://open.spotify.com/track/5zytSTR2g0I9psX2Z12ex6,5zytSTR2g0I9psX2Z12ex6,24116212,5483
https://open.spotify.com/track/0gPmM1WtVRg3uENW3o8bfx,0gPmM1WtVRg3uENW3o8bfx,23713373,52407
https://open.spotify.com/track/4evLyY5Ue1Wesc61t2KXAU,4evLyY5Ue1Wesc61t2KXAU,23344136,88234
https://open.spotify.com/track/2QA3IixpRcKyOdG7XDzRgv,2QA3IixpRcKyOdG7XDzRgv,23290099,24785
https://open.spotify.com/track/5G9AVKld9q7DCrmoY42raf,5G9AVKld9q7DCrmoY42raf,23154309,3182
https://open.spotify.com/track/1Ygm9KdH3wbzDekO8JgxcW,1Ygm9KdH3wbzDekO8JgxcW,22658627,10474
https://open.spotify.com/track/6cf6rLb8qcklvJv90W6HCW,6cf6rLb8qcklvJv90W6HCW,22323929,3190
https://open.spotify.com/track/62rlxI6g2PNaWsHoiRryto,62rlxI6g2PNaWsHoiRryto,22264468,8240
https://open.spotify.com/track/2d3d9xZutJjmUpntiyHt3F,2d3d9xZutJjmUpntiyHt3F,22139401,31557
https://open.spotify.com/track/2IprIjGNRlj3TfqUWCAo0C,2IprIjGNRlj3TfqUWCAo0C,22099791,9765
https://open.spotify.com/track/2IZ00ed83ygPIiacYScWUE,2IZ00ed83ygPIiacYScWUE,21231203,5822
https://open.spotify.com/track/1spLfUJxtyVyiKKTegQ2r4,1spLfUJxtyVyiKKTegQ2r4,20241752,21294
https://open.spotify.com/track/2msvOEbkK50foYf9BMXr2X,2msvOEbkK50foYf9BMXr2X,19190541,21191
https://open.spotify.com/track/7ryS0xBZNYjQqql34GCkDp,7ryS0xBZNYjQqql34GCkDp,19019509,24289
https://open.spotify.com/track/7FKbTRXXIWVFQmPH8zGfU0,7FKbTRXXIWVFQmPH8zGfU0,18953776,7669
https://open.spotify.com/track/5KxZfCXXmVvKhPo8hQz2pS,5KxZfCXXmVvKhPo8hQz2pS,18512762,29793
https://open.spotify.com/track/2oWpe2L8ypC080BxpDVuTY,2oWpe2L8ypC080BxpDVuTY,17973180,39875
https://open.spotify.com/track/3tGq7hWDCtrnL83y5OGual,3tGq7hWDCtrnL83y5OGual,17755594,10073
https://open.spotify.com/track/3EPgWM1zfTSzEc0z4AwWTM,3EPgWM1zfTSzEc0z4AwWTM,17441913,23565
https://open.spotify.com/track/4mqgn90sCeVSYqcoftTQTd,4mqgn90sCeVSYqcoftTQTd,17026846,2456
https://open.spotify.com/track/05kJkr80XEaZeN8kxyQoFp,05kJkr80XEaZeN8kxyQoFp,16659979,36850
https://open.spotify.com/track/7BT9K9BDqq6HI2oWH5UMZQ,7BT9K9BDqq6HI2oWH5UMZQ,16133856,2023
https://open.spotify.com/track/4MGexoZc12lqE0hYkq9YYx,4MGexoZc12lqE0hYkq9YYx,16077030,19506
https://open.spotify.com/track/5mdNyCS7ttVcAyVYOIFEjs,5mdNyCS7ttVcAyVYOIFEjs,15895860,22987
https://open.spotify.com/track/4pl5zcqCv4vc3cB7M4MZ6f,4pl5zcqCv4vc3cB7M4MZ6f,15749235,4140
https://open.spotify.com/track/16M9Rxid0nXhVmme7lzVwN,16M9Rxid0nXhVmme7lzVwN,15141950,21591
https://open.spotify.com/track/2evEoQAhIMaa9PfjTT5skG,2evEoQAhIMaa9PfjTT5skG,15122408,8183
https://open.spotify.com/track/1gaLZjPrDnHQWJds2Jg4KT,1gaLZjPrDnHQWJds2Jg4KT,14487508,22035
https://open.spotify.com/track/7Bjf96uNizpvXLvNyOJpst,7Bjf96uNizpvXLvNyOJpst,14388342,6104
https://open.spotify.com/track/0xvsgzM8AtBtRHZm5rav8A,0xvsgzM8AtBtRHZm5rav8A,14024847,3973
https://open.spotify.com/track/0RFCHlNuTeUHIB36VuVbOL,0RFCHlNuTeUHIB36VuVbOL,13162065,36994
https://open.spotify.com/track/08J4bMHbILkwSIhbtrcvjN,08J4bMHbILkwSIhbtrcvjN,13128765,17127
https://open.spotify.com/track/14Bljc3pOOG0xQX3wqhLN9,14Bljc3pOOG0xQX3wqhLN9,12981756,3484
https://open.spotify.com/track/2RM02ladxD5mgdrlAwh3h9,2RM02ladxD5mgdrlAwh3h9,12976218,2254
https://open.spotify.com/track/2yceD2hx5HhOLgkm1CITCi,2yceD2hx5HhOLgkm1CITCi,12372301,16748
https://open.spotify.com/track/77p4fRpoeiZMtUy3P9kN21,77p4fRpoeiZMtUy3P9kN21,12231054,6608
https://open.spotify.com/track/6C0H8ts9M6deezz0yYR6LK,6C0H8ts9M6deezz0yYR6LK,12021867,17210
https://open.spotify.com/track/77d7q9TNbsIDmRTDPkPv3L,77d7q9TNbsIDmRTDPkPv3L,11598427,12586
https://open.spotify.com/track/06FXaDDdg0BzXl15cthMS5,06FXaDDdg0BzXl15cthMS5,11431480,1592
https://open.spotify.com/track/560uQyz3p5G9WdnMX39xc6,560uQyz3p5G9WdnMX39xc6,11125457,16388
https://open.spotify.com/track/6mqyTq948oap5AkyTsd6XF,6mqyTq948oap5AkyTsd6XF,10982889,15083
https://open.spotify.com/track/0BSmbCIY36iw04azzJ3S0S,0BSmbCIY36iw04azzJ3S0S,10323732,6886
https://open.spotify.com/track/1IsquhJFJ0qcFZI7FeAEuN,1IsquhJFJ0qcFZI7FeAEuN,10312421,7870
https://open.spotify.com/track/28tIMaewZuGR8urkvFhQyA,28tIMaewZuGR8urkvFhQyA,10053847,13139
https://open.spotify.com/track/7wo2UNeQBowm28hfAJsEMz,7wo2UNeQBowm28hfAJsEMz,9970751,9305
https://open.spotify.com/track/1u4HUiREUR6vX1W1RYG2Tm,1u4HUiREUR6vX1W1RYG2Tm,9938020,13732
https://open.spotify.com/track/4cOWq0cVsKjxaQpRMbDoH1,4cOWq0cVsKjxaQpRMbDoH1,9812677,13143
https://open.spotify.com/track/5KByGq0JijSSDcy0qzuINs,5KByGq0JijSSDcy0qzuINs,9353850,12222
https://open.spotify.com/track/1mh5dObNoOvCfHmXnhvDEK,1mh5dObNoOvCfHmXnhvDEK,9210739,12953
https://open.spotify.com/track/06zIBqLC9ZRm5i0iMf0kHI,06zIBqLC9ZRm5i0iMf0kHI,9070940,7293
https://open.spotify.com/track/3RNDw7yywLNyawDKV99hTx,3RNDw7yywLNyawDKV99hTx,8901648,2849
https://open.spotify.com/track/0QTBsdoJhamY3Aid3fOsOd,0QTBsdoJhamY3Aid3fOsOd,8709090,11422
https://open.spotify.com/track/5VDHMi7own9vDZjiwDES1e,5VDHMi7own9vDZjiwDES1e,8695588,10548
https://open.spotify.com/track/6F67FNdOBNMFzxdj1CQ5pL,6F67FNdOBNMFzxdj1CQ5pL,8687785,19324
https://open.spotify.com/track/1hm4V38egkiHOgxTUpu0zg,1hm4V38egkiHOgxTUpu0zg,8530681,5334
https://open.spotify.com/track/2fgiBCtbWo8pijF6M7pN1i,2fgiBCtbWo8pijF6M7pN1i,8182521,10297
https://open.spotify.com/track/4lD3RXyvHpJsM3BhIEC4aA,4lD3RXyvHpJsM3BhIEC4aA,8143992,8860
https://open.spotify.com/track/1aBJNc2thaKyh5THWzIqHX,1aBJNc2thaKyh5THWzIqHX,8068921,3523
https://open.spotify.com/track/12xIjI9A9UlB6zEc7kyZ06,12xIjI9A9UlB6zEc7kyZ06,7882429,6432
https://open.spotify.com/track/4YHHz3VIXgNDGdoL9xC1tx,4YHHz3VIXgNDGdoL9xC1tx,7790045,10131
https://open.spotify.com/track/04xrhDrQ2WOW8GLwu7kbc0,04xrhDrQ2WOW8GLwu7kbc0,7737821,9955
https://open.spotify.com/track/71IScwIe7bcIlpnlkbKVQw,71IScwIe7bcIlpnlkbKVQw,7489485,3441
https://open.spotify.com/track/6KF9xd2hBLuexrmBX4vUWD,6KF9xd2hBLuexrmBX4vUWD,7329931,3654
https://open.spotify.com/track/4yyKppX85ZkmlGOC2toBZA,4yyKppX85ZkmlGOC2toBZA,7247128,9278
https://open.spotify.com/track/3lm4L3pPL32PFy74dR17OR,3lm4L3pPL32PFy74dR17OR,6839338,4066
https://open.spotify.com/track/5F7hpFKLmWgMHGxQuwssuv,5F7hpFKLmWgMHGxQuwssuv,6619835,7487
https://open.spotify.com/track/6SYwJcqaltK2WFRmD1unUV,6SYwJcqaltK2WFRmD1unUV,6331982,4297
https://open.spotify.com/track/7mFiEij8AXPUZB7aKLbUlQ,7mFiEij8AXPUZB7aKLbUlQ,6248002,2633
https://open.spotify.com/track/72GIZuUXo14oyrS0si3Rgc,72GIZuUXo14oyrS0si3Rgc,6247862,2975
https://open.spotify.com/track/7yndkPYP6YQQLBpPsizDfh,7yndkPYP6YQQLBpPsizDfh,6219603,2695
https://open.spotify.com/track/0Nw8hv79MLJa1yjtsEgz08,0Nw8hv79MLJa1yjtsEgz08,6059657,2628
https://open.spotify.com/track/68QyrSzpnoU04AAhE5z8lj,68QyrSzpnoU04AAhE5z8lj,5909096,2412
https://open.spotify.com/track/4DbI1rr4IQ2bc8nejy9ttd,4DbI1rr4IQ2bc8nejy9ttd,5803893,2912
https://open.spotify.com/track/6505MLhnqTDDg4tjoUz2Wp,6505MLhnqTDDg4tjoUz2Wp,5683156,3557
https://open.spotify.com/track/4KB3zBArZ1rHRExilzycaV,4KB3zBArZ1rHRExilzycaV,5667671,4433
https://open.spotify.com/track/36a08nLG1xazGaaVKK0vv7,36a08nLG1xazGaaVKK0vv7,5643811,6066
https://open.spotify.com/track/5fOV54t6mMYv3H9CsnvU81,5fOV54t6mMYv3H9CsnvU81,5522739,6427
https://open.spotify.com/track/4JQm7ebhsrt10wmrP6AfXL,4JQm7ebhsrt10wmrP6AfXL,5492752,6389
https://open.spotify.com/track/5Ct2PYPUSogyWvbV40k9Bf,5Ct2PYPUSogyWvbV40k9Bf,5443192,1059
https://open.spotify.com/track/5QkzyLUb4ggojNDp8G2OxX,5QkzyLUb4ggojNDp8G2OxX,5432376,3085
https://open.spotify.com/track/3QFB14MOUf3imlyISNmrbT,3QFB14MOUf3imlyISNmrbT,5346214,2845
https://open.spotify.com/track/6hH37tyeRdyan1mAppmVor,6hH37tyeRdyan1mAppmVor,5315396,2695
https://open.spotify.com/track/4YrpqEBNuz7IMsZtUP6bNQ,4YrpqEBNuz7IMsZtUP6bNQ,5165463,11711
https://open.spotify.com/track/6znB7YZhMJT2B83zfbiyLq,6znB7YZhMJT2B83zfbiyLq,5145541,3052
https://open.spotify.com/track/0xUHUmWSil967FF5yqDHqi,0xUHUmWSil967FF5yqDHqi,5099607,3673
https://open.spotify.com/track/1g09DZjQ7yBommCT6POY2n,1g09DZjQ7yBommCT6POY2n,4946518,2786
https://open.spotify.com/track/7r7j12XctfJqZWXsy1Zq9L,7r7j12XctfJqZWXsy1Zq9L,4937509,2776
https://open.spotify.com/track/31JVjy3XWnh6C2zf4kLCXN,31JVjy3XWnh6C2zf4kLCXN,4748617,2653
https://open.spotify.com/track/0yisH8r0f3Mkq34kjzUlCV,0yisH8r0f3Mkq34kjzUlCV,4476885,4520
https://open.spotify.com/track/7GZ3KDorsc1yWndEtzGTjf,7GZ3KDorsc1yWndEtzGTjf,4241384,2133
https://open.spotify.com/track/4TtyvyI42C0KFnbDZvNC8Y,4TtyvyI42C0KFnbDZvNC8Y,4199320,4720
https://open.spotify.com/track/7JKwboSAWRHJI5U1XGTqS3,7JKwboSAWRHJI5U1XGTqS3,4015991,3242
https://open.spotify.com/track/1cJkUN5LAotktryx2nPCr7,1cJkUN5LAotktryx2nPCr7,3900956,2534
https://open.spotify.com/track/5lA0yK8S5tP3xoaRMCp4Ug,5lA0yK8S5tP3xoaRMCp4Ug,3812525,1207
https://open.spotify.com/track/5zOKuItOTZhRCGtPrDYmlj,5zOKuItOTZhRCGtPrDYmlj,2959940,2120
https://open.spotify.com/track/4XiypEn8iKbeP1TbTqdfk5,4XiypEn8iKbeP1TbTqdfk5,2210756,4403
https://open.spotify.com/track/7kjSmkSo15pHlkb0mOQtfj,7kjSmkSo15pHlkb0mOQtfj,2018905,5024
https://open.spotify.com/track/4VbErhGDMTnvPAnt5z70DL,4VbErhGDMTnvPAnt5z70DL,1858931,970
https://open.spotify.com/track/4RBKAqJ3qyvvriDG0s9IJ3,4RBKAqJ3qyvvriDG0s9IJ3,1851208,1435
https://open.spotify.com/track/2ziekbazMdLS2Gtdo78RID,2ziekbazMdLS2Gtdo78RID,1440208,888
https://open.spotify.com/track/0ThxqUZ9PwS6n0UT5i1XH6,0ThxqUZ9PwS6n0UT5i1XH6,1396218,3390
https://open.spotify.com/track/4aBW31cmkA7BLColUsMEeZ,4aBW31cmkA7BLColUsMEeZ,1315139,2204
https://open.spotify.com/track/4i0M7glXqIIRKPwbLtpExi,4i0M7glXqIIRKPwbLtpExi,1303470,206
https://open.spotify.com/track/5g7RMU3cV7zXWH244BLe7G,5g7RMU3cV7zXWH244BLe7G,912051,1184
https://open.spotify.com/track/5a9hUL6ZuiagZhazwrtwHF,5a9hUL6ZuiagZhazwrtwHF,600937,705
https://open.spotify.com/track/4DjevQhsPWULcondN4mRh5,4DjevQhsPWULcondN4mRh5,599374,715
https://open.spotify.com/track/7EvU9pRoJ9Xs7anx0P7tEc,7EvU9pRoJ9Xs7anx0P7tEc,575017,668
https://open.spotify.com/track/6N6V2v89hS4N9ossON5f9R,6N6V2v89hS4N9ossON5f9R,551308,325
https://open.spotify.com/track/4MbHDiHQjhmoVAV75G04Ql,4MbHDiHQjhmoVAV75G04Ql,550141,743
https://open.spotify.com/track/5JtXBqKLdfzwedmlUjjqAm,5JtXBqKLdfzwedmlUjjqAm,500221,590
https://open.spotify.com/track/4twNUyTpLMPWokYmCdFDCH,4twNUyTpLMPWokYmCdFDCH,468538,394
https://open.spotify.com/track/1Qicm51crXMvUuH4SMjobT,1Qicm51crXMvUuH4SMjobT,457691,673
https://open.spotify.com/track/7Ae2hYOcJmLbGCYIA3M1VM,7Ae2hYOcJmLbGCYIA3M1VM,444924,307
https://open.spotify.com/track/1zz0XSmHCFd57ne04UAp38,1zz0XSmHCFd57ne04UAp38,432775,599
https://open.spotify.com/track/1yVVoBDzSkFkZRWtq9x3u1,1yVVoBDzSkFkZRWtq9x3u1,427887,208
https://open.spotify.com/track/69o9kr9UexjzeZDE8yD8dQ,69o9kr9UexjzeZDE8yD8dQ,425768,492
https://open.spotify.com/track/5Iadj8IBPrt634WW0yGPRI,5Iadj8IBPrt634WW0yGPRI,417845,188
https://open.spotify.com/track/4omftH10jc82Sj8VJ395C7,4omftH10jc82Sj8VJ395C7,357763,313
https://open.spotify.com/track/2hecdut2HWM5JMHqLTWThq,2hecdut2HWM5JMHqLTWThq,343341,245
https://open.spotify.com/track/7bdyzcQ0onk60hfsxDCd2X,7bdyzcQ0onk60hfsxDCd2X,333761,203
https://open.spotify.com/track/0kfTOGpi5eZCBxcRF5LFIh,0kfTOGpi5eZCBxcRF5LFIh,329671,271
https://open.spotify.com/track/2rLYkfJSgTPtOTLjYEdozL,2rLYkfJSgTPtOTLjYEdozL,325975,183
https://open.spotify.com/track/2vTjAIZbfW7W8NGBOZ5rK5,2vTjAIZbfW7W8NGBOZ5rK5,324594,217
https://open.spotify.com/track/3cAHqw3B2deaHRXV9WrYAA,3cAHqw3B2deaHRXV9WrYAA,322469,289
https://open.spotify.com/track/7HbZuazpPbDDMkb8Tmvxq0,7HbZuazpPbDDMkb8Tmvxq0,317758,217
https://open.spotify.com/track/4sFwzqXqNcNV3cTyTybq0M,4sFwzqXqNcNV3cTyTybq0M,316069,204
https://open.spotify.com/track/1wePVBS4L6xhCvVUItPAZQ,1wePVBS4L6xhCvVUItPAZQ,308170,179
https://open.spotify.com/track/3lD0QBGaxvoc9WBDnGHFUi,3lD0QBGaxvoc9WBDnGHFUi,305199,187
https://open.spotify.com/track/1BXM0X5BxyUUOLEf9Rv6uZ,1BXM0X5BxyUUOLEf9Rv6uZ,302138,188
https://open.spotify.com/track/1VPHQriwOsy5aGHLwwZyho,1VPHQriwOsy5aGHLwwZyho,300718,241
https://open.spotify.com/track/2GZNZLMvT3gjCEPd6NNvvQ,2GZNZLMvT3gjCEPd6NNvvQ,297887,212
https://open.spotify.com/track/64FIHbthA4RhBv6fL6DGBO,64FIHbthA4RhBv6fL6DGBO,293973,162
https://open.spotify.com/track/1VW4AEDihVs3BQB6KnTYIY,1VW4AEDihVs3BQB6KnTYIY,291161,198
https://open.spotify.com/track/4WrJR6LJ8MtIxouKHUkTEM,4WrJR6LJ8MtIxouKHUkTEM,289251,165
https://open.spotify.com/track/4CyL8bBbVRYB0ogadF4aUS,4CyL8bBbVRYB0ogadF4aUS,285986,140
https://open.spotify.com/track/4cag67C3v9ToeFivUwDUsE,4cag67C3v9ToeFivUwDUsE,284630,120
https://open.spotify.com/track/2BDqAaVKzQDnoVPZbdp68D,2BDqAaVKzQDnoVPZbdp68D,284621,240
https://open.spotify.com/track/3ZHTwJzCNDFvjLpVQiqpH6,3ZHTwJzCNDFvjLpVQiqpH6,267993,130
https://open.spotify.com/track/7D4bd801muwRfuo5F3KkGk,7D4bd801muwRfuo5F3KkGk,265344,217
https://open.spotify.com/track/5ckUacHVEsmgJI7akKHadD,5ckUacHVEsmgJI7akKHadD,262824,128
https://open.spotify.com/track/7F67ujlSkp8PT7uaDPuOjP,7F67ujlSkp8PT7uaDPuOjP,261067,229
https://open.spotify.com/track/3ZfvKQxJp4zZshiJsRPoD1,3ZfvKQxJp4zZshiJsRPoD1,259257,135
https://open.spotify.com/track/22Zg9JjEgM0JV5HvLXNJAh,22Zg9JjEgM0JV5HvLXNJAh,257557,171
https://open.spotify.com/track/13tYZVTtzLUJTlM7m1ivbi,13tYZVTtzLUJTlM7m1ivbi,252227,95
https://open.spotify.com/track/1SARZTSJ1YeXgImYzpSxef,1SARZTSJ1YeXgImYzpSxef,251563,195
https://open.spotify.com/track/4fiLVxZ0UAsWAzUwGqkZA9,4fiLVxZ0UAsWAzUwGqkZA9,249484,136
https://open.spotify.com/track/5EsfyTD26nlVQ0DtYo16uJ,5EsfyTD26nlVQ0DtYo16uJ,249396,131
https://open.spotify.com/track/5Gz9GFSwHObbmjSRHgTphe,5Gz9GFSwHObbmjSRHgTphe,248532,68
https://open.spotify.com/track/4YugJd2i96PHwaflBauhXi,4YugJd2i96PHwaflBauhXi,247749,153
https://open.spotify.com/track/2ag2oLCwlFIA88hQrLMHzv,2ag2oLCwlFIA88hQrLMHzv,247343,167
https://open.spotify.com/track/0HTZpLa2SjBmuJ6zJ7OqMm,0HTZpLa2SjBmuJ6zJ7OqMm,245256,174
https://open.spotify.com/track/3rMskQgCc54bAQUfE0U4Fw,3rMskQgCc54bAQUfE0U4Fw,243791,172
https://open.spotify.com/track/3JayaISg308IVZhUY0XUXe,3JayaISg308IVZhUY0XUXe,243458,174
https://open.spotify.com/track/4EwrLjUsIF0PINB6sLZj3l,4EwrLjUsIF0PINB6sLZj3l,243384,82
https://open.spotify.com/track/633FwmKmrHWn6sLTL3db72,633FwmKmrHWn6sLTL3db72,241711,179
https://open.spotify.com/track/02DtaJ6ADr4uQJbKEdpxxj,02DtaJ6ADr4uQJbKEdpxxj,236420,161
https://open.spotify.com/track/6bzWVosI1yQkHUrN22cMWE,6bzWVosI1yQkHUrN22cMWE,235226,158
https://open.spotify.com/track/1J22bFnVC6Rmjxby941PDf,1J22bFnVC6Rmjxby941PDf,233771,164
https://open.spotify.com/track/0C5x4DoaPegrWqchk4SuLu,0C5x4DoaPegrWqchk4SuLu,232596,122
https://open.spotify.com/track/2GZI4YxTKT07KaQZAMmz5N,2GZI4YxTKT07KaQZAMmz5N,230707,121
https://open.spotify.com/track/2k0w1FGqvzVPgQ9VdTaJpe,2k0w1FGqvzVPgQ9VdTaJpe,230125,117
https://open.spotify.com/track/0MtU9ETYyVX8YPBDCYPdMb,0MtU9ETYyVX8YPBDCYPdMb,230096,215
https://open.spotify.com/track/4CWLOxjskk6fjixCboD4vJ,4CWLOxjskk6fjixCboD4vJ,228885,158
https://open.spotify.com/track/3Aelp7PlkDvBvCPqvyIopZ,3Aelp7PlkDvBvCPqvyIopZ,227804,217
https://open.spotify.com/track/2juzwShPy28xL3umOogU3u,2juzwShPy28xL3umOogU3u,225996,119
https://open.spotify.com/track/7C7usPxKM74lA8HJbCqZnz,7C7usPxKM74lA8HJbCqZnz,224506,219
https://open.spotify.com/track/0Xtgj2RuEo5FInZ0b4KYuY,0Xtgj2RuEo5FInZ0b4KYuY,223976,130
https://open.spotify.com/track/1V7nao9bFNvjFrmrnSz19Y,1V7nao9bFNvjFrmrnSz19Y,223247,200
https://open.spotify.com/track/3To1MBLD7WqFoWEeiLDBzq,3To1MBLD7WqFoWEeiLDBzq,221570,100
https://open.spotify.com/track/0ruvufCIGCWaf67Tb8R64O,0ruvufCIGCWaf67Tb8R64O,218248,346
https://open.spotify.com/track/7lzMAvyDZyZm1hPMLpfIXy,7lzMAvyDZyZm1hPMLpfIXy,214317,212
https://open.spotify.com/track/4vWXPp6Tuf6ury2dCh0uAI,4vWXPp6Tuf6ury2dCh0uAI,210763,115
https://open.spotify.com/track/2eZbyz03ZHkqpZz2Vw3KXy,2eZbyz03ZHkqpZz2Vw3KXy,208808,126
https://open.spotify.com/track/5oJUjUsBZcqyEhOdpif37h,5oJUjUsBZcqyEhOdpif37h,208327,87
https://open.spotify.com/track/57USOybNwyjN8ZUZLm9hra,57USOybNwyjN8ZUZLm9hra,206190,205
https://open.spotify.com/track/6xxSYpv0gGX7V7Bikx1gGy,6xxSYpv0gGX7V7Bikx1gGy,204491,127
https://open.spotify.com/track/0w5HrA1s3WZIqAUYicJo0A,0w5HrA1s3WZIqAUYicJo0A,203122,117
https://open.spotify.com/track/2MzoTHyQgopGUL8ABcOAyr,2MzoTHyQgopGUL8ABcOAyr,202434,190
https://open.spotify.com/track/1NTxT72xu3GkYq5wIq0RG5,1NTxT72xu3GkYq5wIq0RG5,202163,175
https://open.spotify.com/track/7AiIXVMIrTqHlGn7bS3f31,7AiIXVMIrTqHlGn7bS3f31,198918,131
https://open.spotify.com/track/7J4cg1IeDWDY4oE19CaIra,7J4cg1IeDWDY4oE19CaIra,189466,75
https://open.spotify.com/track/1AjXK5Gi1kkMRYGBjALDMr,1AjXK5Gi1kkMRYGBjALDMr,181591,82
https://open.spotify.com/track/7juXSUrMEd7f9ljLk7Pria,7juXSUrMEd7f9ljLk7Pria,177907,78
https://open.spotify.com/track/2p2iPBELfsen9imWH0NkId,2p2iPBELfsen9imWH0NkId,172258,22
https://open.spotify.com/track/5fWNEKU1JTe07KsrJ7stft,5fWNEKU1JTe07KsrJ7stft,167988,122
https://open.spotify.com/track/3g7PbLRaKm2MmfHNyMbjJn,3g7PbLRaKm2MmfHNyMbjJn,166073,85
https://open.spotify.com/track/0uBYyYTfuuDigZvBN6HnUt,0uBYyYTfuuDigZvBN6HnUt,165398,99
https://open.spotify.com/track/4Dzma7nri1H2XNQ7b8Fs5b,4Dzma7nri1H2XNQ7b8Fs5b,165277,95
https://open.spotify.com/track/6t9JL24FVFzXtpLlp6x5tZ,6t9JL24FVFzXtpLlp6x5tZ,164087,63
https://open.spotify.com/track/6trbb1ao6xqh6FjKc0BRYF,6trbb1ao6xqh6FjKc0BRYF,159775,102
https://open.spotify.com/track/4511PLndxxMcob8Qq5KHNw,4511PLndxxMcob8Qq5KHNw,159768,144
https://open.spotify.com/track/0VsL7c4EBrLgaNfHQep2oy,0VsL7c4EBrLgaNfHQep2oy,158739,136
https://open.spotify.com/track/4A7shC8pd0ddDSqrvETTsu,4A7shC8pd0ddDSqrvETTsu,156879,73
https://open.spotify.com/track/3t5kblMAefsRy9O9vOjkR4,3t5kblMAefsRy9O9vOjkR4,154754,24
https://open.spotify.com/track/248qgqZNy5T5KsGHgTxeIM,248qgqZNy5T5KsGHgTxeIM,152136,134
https://open.spotify.com/track/3MqHevAhUErYJoC1ceESEe,3MqHevAhUErYJoC1ceESEe,150041,94
https://open.spotify.com/track/3y40XaB0r8LwJzECdhXqmq,3y40XaB0r8LwJzECdhXqmq,145497,123
https://open.spotify.com/track/35XDhcPNgNczxX0aUmiuKH,35XDhcPNgNczxX0aUmiuKH,145447,97
https://open.spotify.com/track/3nWqFKQTstzwvrLEW82dgE,3nWqFKQTstzwvrLEW82dgE,144994,76
https://open.spotify.com/track/1WxSuTO0X0HKb1dkQjVkVo,1WxSuTO0X0HKb1dkQjVkVo,144365,94
https://open.spotify.com/track/6pwfOVtNVEvIYF6x0h45En,6pwfOVtNVEvIYF6x0h45En,143159,40
https://open.spotify.com/track/7r7RyzNBFfTRH9NRVBrFhJ,7r7RyzNBFfTRH9NRVBrFhJ,142309,42
https://open.spotify.com/track/6FbCZTXJjwBQRsKb9leofw,6FbCZTXJjwBQRsKb9leofw,141078,30
https://open.spotify.com/track/5BIHTqXmBBdfdScTVyzUts,5BIHTqXmBBdfdScTVyzUts,137712,61
https://open.spotify.com/track/6nHV1NXioyCPpewRMh2DxC,6nHV1NXioyCPpewRMh2DxC,137652,70
https://open.spotify.com/track/44uwUM4YEfve5tDYEbVXQb,44uwUM4YEfve5tDYEbVXQb,137649,105
https://open.spotify.com/track/6vmevdni3tJLxzRXSU7UVd,6vmevdni3tJLxzRXSU7UVd,137103,95
https://open.spotify.com/track/7msaHKbkc94FKxIMsH4DAm,7msaHKbkc94FKxIMsH4DAm,135819,87
https://open.spotify.com/track/4JJz3bQDt922DzUNHsGtWk,4JJz3bQDt922DzUNHsGtWk,135086,84
https://open.spotify.com/track/1eGBTPSSrr9Lem1BVKzgia,1eGBTPSSrr9Lem1BVKzgia,133051,104
https://open.spotify.com/track/795ZVsHOr5ky9yrY6FDA6Q,795ZVsHOr5ky9yrY6FDA6Q,132874,20
https://open.spotify.com/track/0EQovrrG0oNLPLJrVGKqj0,0EQovrrG0oNLPLJrVGKqj0,131707,66
https://open.spotify.com/track/5jPbjmpn2I9mw7HvSWvqFu,5jPbjmpn2I9mw7HvSWvqFu,131385,113
https://open.spotify.com/track/0wN94hAOTCu4Vv4TCbhVZD,0wN94hAOTCu4Vv4TCbhVZD,130991,23
https://open.spotify.com/track/0eRpceXMfMVYhMVrVkgWxS,0eRpceXMfMVYhMVrVkgWxS,130592,95
https://open.spotify.com/track/1nmUwsjwOgeBxETJ51VMjx,1nmUwsjwOgeBxETJ51VMjx,127904,111
https://open.spotify.com/track/4JOZRF1Tp23yeLDkaJvYiC,4JOZRF1Tp23yeLDkaJvYiC,127518,92
https://open.spotify.com/track/6PnszbMFmzHaxT2ANFgRVQ,6PnszbMFmzHaxT2ANFgRVQ,126754,98
